Pollutant,Raw_Mean,Filled_Mean
PM2.5,188.2306073863518,188.23060738635183
SO2,196.40470555413734,196.40470555413734
NOx,197.57912436751477,197.5791243675148
